{
  "id": "6ba69c8a-927f-4d4d-9ede-29b420bb6b5f",
  "name": "bundesland",
  "isOverridable": true,
  "entries": [
    {
      "value": "Niedersachsen",
      "synonyms": [
        "Niedersachsen"
      ]
    },
    {
      "value": "Bremen",
      "synonyms": [
        "Bremen"
      ]
    },
    {
      "value": "Sachsen-Anhalt",
      "synonyms": [
        "Sachsen-Anhalt"
      ]
    },
    {
      "value": "Berlin",
      "synonyms": [
        "Berlin"
      ]
    },
    {
      "value": "Hessen",
      "synonyms": [
        "Hessen"
      ]
    },
    {
      "value": "Baden-Württemberg",
      "synonyms": [
        "Baden-Württemberg"
      ]
    },
    {
      "value": "Bayern",
      "synonyms": [
        "Bayern"
      ]
    },
    {
      "value": "Saarland",
      "synonyms": [
        "Saarland"
      ]
    },
    {
      "value": "Rheinland-Pfalz",
      "synonyms": [
        "Rheinland-Pfalz"
      ]
    },
    {
      "value": "Sachsen",
      "synonyms": [
        "Sachsen"
      ]
    },
    {
      "value": "Nordrhein-Westfalen",
      "synonyms": [
        "Nordrhein-Westfalen",
        "NRW"
      ]
    },
    {
      "value": "Thüringen",
      "synonyms": [
        "Thüringen"
      ]
    },
    {
      "value": "Brandenburg",
      "synonyms": [
        "Brandenburg"
      ]
    },
    {
      "value": "Schleswig-Holstein",
      "synonyms": [
        "Schleswig-Holstein"
      ]
    },
    {
      "value": "Mecklenburg-Vorpommern",
      "synonyms": [
        "Mecklenburg-Vorpommern",
        "Meck-Pomm",
        "mecklenburg"
      ]
    },
    {
      "value": "Hamburg",
      "synonyms": [
        "Hamburg"
      ]
    }
  ],
  "isEnum": false,
  "automatedExpansion": false
}