{
  "id": "045c2e88-d4d5-4686-98d8-aa3a93b16a37",
  "name": "partei",
  "isOverridable": true,
  "entries": [
    {
      "value": "SPD",
      "synonyms": [
        "SPD",
        "Sozis",
        "Sozialisten",
        "ROten"
      ]
    },
    {
      "value": "FDP",
      "synonyms": [
        "FDP",
        "die liberalen",
        "die freien demokraten"
      ]
    },
    {
      "value": "DIE LINKE",
      "synonyms": [
        "DIE LINKE"
      ]
    },
    {
      "value": "CDU",
      "synonyms": [
        "CDU",
        "schwarzen"
      ]
    },
    {
      "value": "FREIE WÄHLER",
      "synonyms": [
        "FREIE WÄHLER"
      ]
    },
    {
      "value": "MLPD",
      "synonyms": [
        "MLPD"
      ]
    },
    {
      "value": "PIRATEN",
      "synonyms": [
        "PIRATEN",
        "Piratenpartei"
      ]
    },
    {
      "value": "Die PARTEI",
      "synonyms": [
        "Die PARTEI"
      ]
    },
    {
      "value": "BGE",
      "synonyms": [
        "BGE",
        "Grundeinkommen"
      ]
    },
    {
      "value": "GRÜNE",
      "synonyms": [
        "GRÜNE",
        "die grünen",
        "Bündnis 90",
        "ökos"
      ]
    },
    {
      "value": "DM",
      "synonyms": [
        "DM"
      ]
    },
    {
      "value": "ÖDP",
      "synonyms": [
        "ÖDP"
      ]
    },
    {
      "value": "DiB",
      "synonyms": [
        "DiB"
      ]
    },
    {
      "value": "Gesundheitsforschung",
      "synonyms": [
        "Gesundheitsforschung"
      ]
    },
    {
      "value": "AfD",
      "synonyms": [
        "AfD",
        "nazis"
      ]
    },
    {
      "value": "CSU",
      "synonyms": [
        "CSU"
      ]
    },
    {
      "value": "B*",
      "synonyms": [
        "B*",
        "Bergpartei"
      ]
    },
    {
      "value": "du.",
      "synonyms": [
        "du.",
        "Hip Hop Partei",
        "Hip hop"
      ]
    },
    {
      "value": "BP",
      "synonyms": [
        "BP",
        "Bayernpartei"
      ]
    },
    {
      "value": "NPD",
      "synonyms": [
        "NPD"
      ]
    },
    {
      "value": "MG",
      "synonyms": [
        "MG",
        "Gartenpareti"
      ]
    },
    {
      "value": "BüSo",
      "synonyms": [
        "BüSo"
      ]
    },
    {
      "value": "SGP",
      "synonyms": [
        "SGP"
      ]
    },
    {
      "value": "V-Partei³",
      "synonyms": [
        "V-Partei³",
        "Vegetarier",
        "Veganer"
      ]
    },
    {
      "value": "DKP",
      "synonyms": [
        "DKP"
      ]
    },
    {
      "value": "EB: Ates",
      "synonyms": [
        "EB: Ates"
      ]
    },
    {
      "value": "Volksabstimmung",
      "synonyms": [
        "Volksabstimmung"
      ]
    },
    {
      "value": "MENSCHLICHE WELT",
      "synonyms": [
        "MENSCHLICHE WELT"
      ]
    },
    {
      "value": "Die Humanisten",
      "synonyms": [
        "Die Humanisten",
        "Humanisten"
      ]
    },
    {
      "value": "DIE EINHEIT",
      "synonyms": [
        "DIE EINHEIT"
      ]
    },
    {
      "value": "Tierschutzallianz",
      "synonyms": [
        "Tierschutzallianz"
      ]
    },
    {
      "value": "UNABHÄNGIGE",
      "synonyms": [
        "UNABHÄNGIGE"
      ]
    },
    {
      "value": "Tierschutzpartei",
      "synonyms": [
        "Tierschutzpartei"
      ]
    },
    {
      "value": "PDV",
      "synonyms": [
        "PDV"
      ]
    },
    {
      "value": "Die Grauen",
      "synonyms": [
        "Die Grauen"
      ]
    },
    {
      "value": "Bündnis C",
      "synonyms": [
        "Bündnis C"
      ]
    },
    {
      "value": "DIE RECHTE",
      "synonyms": [
        "DIE RECHTE"
      ]
    },
    {
      "value": "MIETERPARTEI",
      "synonyms": [
        "MIETERPARTEI"
      ]
    },
    {
      "value": "DIE VIOLETTEN",
      "synonyms": [
        "DIE VIOLETTEN"
      ]
    },
    {
      "value": "DIE FRAUEN",
      "synonyms": [
        "DIE FRAUEN"
      ]
    },
    {
      "value": "FAMILIE",
      "synonyms": [
        "FAMILIE",
        "familien",
        "Familienpartei"
      ]
    },
    {
      "value": "AD",
      "synonyms": [
        "AD",
        "Allianz"
      ]
    },
    {
      "value": "die parteien",
      "synonyms": [
        "die parteien"
      ]
    }
  ],
  "isEnum": false,
  "automatedExpansion": false
}