{
  "id": "d32d2c1e-c07a-4591-aa93-1c5101bbad03",
  "name": "statistics",
  "isOverridable": true,
  "entries": [
    {
      "value": "most",
      "synonyms": [
        "most",
        "meisten",
        "meiste"
      ]
    },
    {
      "value": "less",
      "synonyms": [
        "less",
        "wenigsten",
        "wenigste",
        "am wenigsten"
      ]
    },
    {
      "value": "alt",
      "synonyms": [
        "alt",
        "ältesten",
        "älteste"
      ]
    },
    {
      "value": "jung",
      "synonyms": [
        "jung",
        "jüngste",
        "jüngsten"
      ]
    },
    {
      "value": "female",
      "synonyms": [
        "frauen",
        "frau",
        "weiblich",
        "nicht männlich",
        "weiblichen"
      ]
    },
    {
      "value": "male",
      "synonyms": [
        "male",
        "männer",
        "jungs",
        "männlichen",
        "mann",
        "nicht weiblichen"
      ]
    },
    {
      "value": "wenigstens",
      "synonyms": [
        "wenigstens"
      ]
    }
  ],
  "isEnum": false,
  "automatedExpansion": false
}