{
  "id": "e2cd4a2c-5db0-474c-b47d-43ce4ef807d1",
  "name": "wiki",
  "isOverridable": true,
  "entries": [
    {
      "value": "Zweitstimme",
      "synonyms": [
        "Zweitstimme"
      ]
    },
    {
      "value": "Bundestagswahl",
      "synonyms": [
        "Bundestagswahl"
      ]
    },
    {
      "value": "Wahlkreis",
      "synonyms": [
        "Wahlkreis"
      ]
    },
    {
      "value": "Wahlkabine",
      "synonyms": [
        "Wahlkabine"
      ]
    },
    {
      "value": "Wahlleiter",
      "synonyms": [
        "Wahlleiter"
      ]
    },
    {
      "value": "Erststimme",
      "synonyms": [
        "Erststimme"
      ]
    },
    {
      "value": "Bundeskanzler",
      "synonyms": [
        "Bundeskanzler"
      ]
    },
    {
      "value": "Wahlzettel",
      "synonyms": [
        "Wahlzettel"
      ]
    },
    {
      "value": "Überhangsmandat",
      "synonyms": [
        "Überhangsmandadt",
        "Überhangsmandat"
      ]
    },
    {
      "value": "Direktkandidat",
      "synonyms": [
        "Direktkandidat",
        "Direktmandat"
      ]
    },
    {
      "value": "Landesliste",
      "synonyms": [
        "Landesliste"
      ]
    },
    {
      "value": "abgeordnetenwatch",
      "synonyms": [
        "abgeordnetenwatch",
        "abgeordnetenwatch.de"
      ]
    },
    {
      "value": "Wahlprogramm",
      "synonyms": [
        "Wahlprogramm"
      ]
    },
    {
      "value": "Briefwahl",
      "synonyms": [
        "Briefwahl"
      ]
    },
    {
      "value": "Wahlprogramm",
      "synonyms": [
        "Wahlprogramm"
      ]
    },
    {
      "value": "Briefwahl",
      "synonyms": [
        "Briefwahl"
      ]
    },
    {
      "value": "Koalition",
      "synonyms": [
        "Koalition"
      ]
    },
    {
      "value": "Opposition",
      "synonyms": [
        "Opposition"
      ]
    },
    {
      "value": "Koalitionsvertrag",
      "synonyms": [
        "Koalitionsvertrag"
      ]
    },
    {
      "value": "Bundestagswahl",
      "synonyms": [
        "Bundestagswahl",
        "Bundestagwahl"
      ]
    },
    {
      "value": "Abgeordnete",
      "synonyms": [
        "Abgeordnete",
        "Abgeordneter"
      ]
    },
    {
      "value": "Absolute Mehrheit",
      "synonyms": [
        "Absolute Mehrheit"
      ]
    },
    {
      "value": "Aktives Wahlrecht",
      "synonyms": [
        "Aktives Wahlrecht"
      ]
    },
    {
      "value": "Allgemeines Wahlrecht",
      "synonyms": [
        "Allgemeines Wahlrecht"
      ]
    },
    {
      "value": "Ausgleichsmandat",
      "synonyms": [
        "Ausgleichsmandat",
        "Ausgleichsmandadt"
      ]
    },
    {
      "value": "Auszählverfahren",
      "synonyms": [
        "Auszählverfahren",
        "Auszählverfahren"
      ]
    },
    {
      "value": "Ersatzwahl",
      "synonyms": [
        "Ersatzwahl"
      ]
    },
    {
      "value": "Fraktion",
      "synonyms": [
        "Fraktion"
      ]
    },
    {
      "value": "Freies Mandat",
      "synonyms": [
        "Freies Mandat"
      ]
    },
    {
      "value": "Freie Wahl",
      "synonyms": [
        "Freie Wahl"
      ]
    },
    {
      "value": "Fünf-Prozent-Hürde",
      "synonyms": [
        "Fünf-Prozent-Hürde",
        "Fünf Prozent Regel",
        "5%",
        "Fünf %",
        "5 Prozent",
        "Hürde"
      ]
    },
    {
      "value": "Geheime Wahl",
      "synonyms": [
        "Geheime Wahl",
        "Wahl Geheim"
      ]
    },
    {
      "value": "Gleichheitsgrundsatz",
      "synonyms": [
        "Gleichheitsgrundsatz"
      ]
    },
    {
      "value": "Hare/Niemeyer-Verfahren",
      "synonyms": [
        "Hare/Niemeyer-Verfahren",
        "Hare niemeyer verfahren",
        "hare niemeyer",
        "niemeyer"
      ]
    },
    {
      "value": "Kreiswahlleiter",
      "synonyms": [
        "Kreiswahlleiter"
      ]
    },
    {
      "value": "Kumulieren",
      "synonyms": [
        "Kumulieren"
      ]
    },
    {
      "value": "Kreiswahlausschuss",
      "synonyms": [
        "Kreiswahlausschuss"
      ]
    },
    {
      "value": "Kreiswahlvorschläge",
      "synonyms": [
        "Kreiswahlvorschläge"
      ]
    },
    {
      "value": "Bundesregierung",
      "synonyms": [
        "Bundesregierung"
      ]
    },
    {
      "value": "Bundesverfassung",
      "synonyms": [
        "Bundesverfassung"
      ]
    },
    {
      "value": "Bundeswahlausschuss",
      "synonyms": [
        "Bundeswahlausschuss"
      ]
    },
    {
      "value": "Bundeswahlgesetzt",
      "synonyms": [
        "Bundeswahlgesetzt"
      ]
    },
    {
      "value": "Bundeswahlleiter",
      "synonyms": [
        "Bundeswahlleiter"
      ]
    },
    {
      "value": "Bundestagsauflösung",
      "synonyms": [
        "Bundestagsauflösung"
      ]
    },
    {
      "value": "Bundestagspräsident",
      "synonyms": [
        "Bundestagspräsident"
      ]
    },
    {
      "value": "Listennachfolger",
      "synonyms": [
        "Listennachfolger"
      ]
    },
    {
      "value": "Mandat",
      "synonyms": [
        "Mandat",
        "Mandadt",
        "Mandad"
      ]
    },
    {
      "value": "Mandatsverteilung",
      "synonyms": [
        "Mandatsverteilung"
      ]
    },
    {
      "value": "Minderheitsregierung",
      "synonyms": [
        "Minderheitsregierung"
      ]
    },
    {
      "value": "Bundespräsident",
      "synonyms": [
        "Bundespräsident"
      ]
    },
    {
      "value": "Panaschieren",
      "synonyms": [
        "Panaschieren"
      ]
    },
    {
      "value": "Parlamentarische Demokratie",
      "synonyms": [
        "Parlamentarische Demokratie",
        "Demokratie"
      ]
    },
    {
      "value": "Parteilose Kandidatur",
      "synonyms": [
        "Parteilose Kandidatur",
        "parteilose Kandidaten",
        "parteilos",
        "fraktionslos"
      ]
    },
    {
      "value": "Passives Wahlrecht",
      "synonyms": [
        "Passives Wahlrecht"
      ]
    },
    {
      "value": "Personifizierte Verhältniswahl",
      "synonyms": [
        "Personifizierte Verhältniswahl",
        "Verhältniswahl"
      ]
    },
    {
      "value": "Regierungsauftrag vom Volk",
      "synonyms": [
        "Regierungsauftrag vom Volk",
        "Regierungsauftrag"
      ]
    },
    {
      "value": "Sainte-Lague/Schepers-Verfahren",
      "synonyms": [
        "Sainte-Lague/Schepers-Verfahren",
        "Sainte",
        "Lague",
        "Schepers"
      ]
    },
    {
      "value": "Sitzverteilung im Parlament",
      "synonyms": [
        "Sitzverteilung im Parlament",
        "Sitzverteilung"
      ]
    },
    {
      "value": "Sperrklausel",
      "synonyms": [
        "Sperrklausel"
      ]
    },
    {
      "value": "Stimmzettel",
      "synonyms": [
        "Stimmzettel",
        "Wahlzettel"
      ]
    },
    {
      "value": "Tod eines Abgeordneten",
      "synonyms": [
        "Tod eines Abgeordneten",
        "Abgeordneter Stirbt"
      ]
    },
    {
      "value": "Ungültige Stimmen",
      "synonyms": [
        "Ungültige Stimmen",
        "Ungülitge Stimme",
        "ungütligen stimmen",
        "ungütligen",
        "ungültig",
        "Stimme ungültig"
      ]
    },
    {
      "value": "Unmittelbarkeitsgrundsatz",
      "synonyms": [
        "Unmittelbarkeitsgrundsatz"
      ]
    },
    {
      "value": "Wahlbenachrichtigung",
      "synonyms": [
        "Wahlbenachrichtigung"
      ]
    },
    {
      "value": "Wahlberechtigung",
      "synonyms": [
        "Wahlberechtigung",
        "Wer darf wählen?",
        "Wahlberechtigt",
        "darf wählen?",
        "darf ich wählen"
      ]
    },
    {
      "value": "Wählergruppen",
      "synonyms": [
        "Wählergruppen"
      ]
    },
    {
      "value": "Wahlgebiet",
      "synonyms": [
        "Wahlgebiet"
      ]
    },
    {
      "value": "Wahlperiode",
      "synonyms": [
        "Wahlperiode"
      ]
    },
    {
      "value": "Wahlpflicht",
      "synonyms": [
        "Wahlpflicht"
      ]
    },
    {
      "value": "Wahlprognose",
      "synonyms": [
        "Wahlprognose"
      ]
    },
    {
      "value": "Wahlrecht",
      "synonyms": [
        "Wahlrecht"
      ]
    },
    {
      "value": "Wahlssystem",
      "synonyms": [
        "Wahlssystem"
      ]
    },
    {
      "value": "Wahltag",
      "synonyms": [
        "Wahltag"
      ]
    },
    {
      "value": "Wahlverfahren",
      "synonyms": [
        "Wahlverfahren"
      ]
    },
    {
      "value": "duell",
      "synonyms": [
        "duell",
        "Wer hat das duell gewonnen",
        "Wer ist der gewinner des tv-Duell",
        "tv duell",
        "tv-duell"
      ]
    },
    {
      "value": "Kanzlercheck",
      "synonyms": [
        "kanzlercheck",
        "Kanzlerkandidaten"
      ]
    },
    {
      "value": "thermilindner",
      "synonyms": [
        "thermilindner",
        "themi-lindner",
        "#thermi",
        "#thermilindner"
      ]
    },
    {
      "value": "Bundestag",
      "synonyms": [
        "Bundestag"
      ]
    },
    {
      "value": "#weidelleavingthings",
      "synonyms": [
        "#weidelleavingthings",
        "weidelleavingthings"
      ]
    },
    {
      "value": "HDGDL",
      "synonyms": [
        "HDGDL",
        "Hdl"
      ]
    },
    {
      "value": "kalnzercheck",
      "synonyms": [
        "kalnzercheck"
      ]
    }
  ],
  "isEnum": false,
  "automatedExpansion": false
}