Nr;Gebiet;gehört;Wahlberechtigte;Wähler;Ungültige;Gültige;CDU;SPD;FDP;DIE LINKE;GRÜNE;CSU;PIRATEN;NPD;Tierschutzpartei;REP;ÖDP;FAMILIE;Bündnis 21/RRP;RENTNER;BP;PBC;BüSo;DIE VIOLETTEN;MLPD;Volksabstimmung;PSG;AfD;BIG;pro Deutschland;DIE RECHTE;DIE FRAUEN;FREIE WÄHLER;Nichtwähler;PARTEI DER VERNUNFT;Die PARTEI;B;BGD;DKP;NEIN!;Übrige
1;Flensburg - Schleswig;1;226944;162749;2223;160526;61347;52396;8065;9084;15734;;3183;929;1459;;;;;790;;;;;44;;;6563;;;;;1042;;;;;;;;
2;Nordfriesland - Dithmarschen Nord;1;186177;131527;1648;129879;56383;38590;8321;5733;10547;;2413;733;969;;;;;561;;;;;45;;;4994;;;;;755;;;;;;;;
3;Steinburg - Dithmarschen Süd;1;176731;126409;1523;124886;52408;37502;7689;6286;9485;;2709;1038;930;;;;;516;;;;;34;;;5492;;;;;869;;;;;;;;
4;Rendsburg-Eckernförde;1;198903;149583;1743;147840;60349;46658;8126;6447;13707;;2620;854;1290;;;;;668;;;;;32;;;6500;;;;;716;;;;;;;;
5;Kiel;1;205243;146452;1674;144778;43893;50262;7708;10023;20394;;3946;802;1201;;;;;817;;;;;71;;;5379;;;;;473;;;;;;;;
6;Plön - Neumünster;1;174746;127093;1681;125412;48683;41094;6722;5987;11577;;2154;1159;1004;;;;;535;;;;;46;;;5901;;;;;711;;;;;;;;
7;Pinneberg;1;235610;179055;1703;177352;72006;55371;9863;8910;15291;;3370;1319;1271;;;;;665;;;;;42;;;8479;;;;;786;;;;;;;;
8;Segeberg - Stormarn-Mitte;1;244240;183250;1735;181515;74161;54691;10449;9112;15695;;3686;1307;1534;;;;;746;;;;;46;;;9034;;;;;1129;;;;;;;;
9;Ostholstein - Stormarn-Nord;1;180022;131939;1551;130388;53705;41134;8036;5663;10490;;2111;737;917;;;;;489;;;;;25;;;6471;;;;;709;;;;;;;;
10;Herzogtum Lauenburg - Stormarn-Süd;1;241257;182982;1708;181274;73603;53944;10878;8962;16579;;3031;1377;1385;;;;;634;;;;;43;;;10210;;;;;776;;;;;;;;
11;Lübeck;1;181923;124711;1563;123148;42218;42083;5857;7970;13638;;2994;974;918;;;;;422;;;;;93;;;5323;;;;;781;;;;;;;;
901;Schleswig-Holstein;99;2251796;1645750;18752;1626998;638756;513725;91714;84177;153137;;32217;11229;12878;;;;;6843;;;;;521;;;74346;;;;;8747;;;;;;;;
;;;;;;;;;;;;;;;;;;;;;;;;;;;;;;;;;;;;;;;;;
18;Hamburg-Mitte;2;256862;168465;2445;166020;44947;55721;6458;18124;22645;;6442;1257;;;417;;;790;;;;;92;;;7186;;;;;589;;;1545;;;;;
19;Hamburg-Altona;2;182776;135857;1454;134403;39581;40009;7353;14525;22167;;3630;528;;;334;;;420;;;;;123;;;4321;;;;;384;;;1089;;;;;
20;Hamburg-Eimsbüttel;2;189772;143084;1646;141438;43989;44492;7308;12137;22074;;3751;551;;;293;;;525;;;;;56;;;5197;;;;;397;;;870;;;;;
21;Hamburg-Nord;2;211824;163950;1666;162284;59244;49039;10242;10615;20357;;3638;588;;;297;;;585;;;;;39;;;6721;;;;;392;;;681;;;;;
22;Hamburg-Wandsbek;2;218797;147153;1960;145193;50641;50339;6556;11078;12667;;3437;1336;;;229;;;793;;;;;37;;;7093;;;;;560;;;592;;;;;
23;Hamburg-Bergedorf - Harburg;2;221887;142704;2089;140615;47525;49302;4952;11817;12916;;3607;1398;;;393;;;706;;;;;76;;;6624;;;;;534;;;866;;;;;
902;Hamburg;99;1281918;901213;11260;889953;285927;288902;42869;78296;112826;;24505;5658;;;1963;;;3819;;;;;423;;;37142;;;;;2856;;;5643;;;;;
;;;;;;;;;;;;;;;;;;;;;;;;;;;;;;;;;;;;;;;;;
24;Aurich - Emden;3;190987;134256;2217;132039;43026;58080;4323;6588;11028;;1900;1259;1065;110;;;;;;160;;;35;;;4136;;109;;;713;;;;;;;;
25;Unterems;3;232784;166959;2096;164863;80616;51079;6537;6771;9506;;2218;1339;1070;91;;;;;;281;;;24;;;4870;;165;;;747;;;;;;;;
26;Friesland - Wilhelmshaven - Wittmund;3;190034;134162;2369;131793;50796;48011;5670;6814;9731;;2007;1206;1194;87;;;;;;82;;;70;;;5479;;149;;;1106;;;;;;;;
27;Oldenburg - Ammerland;3;220409;163543;1748;161795;57067;52856;8210;10523;20170;;2853;1050;1308;54;;;;;;132;;;62;;;6833;;100;;;923;;;;;;;;
28;Delmenhorst - Wesermarsch - Oldenburg-Land;3;227719;162698;2059;160639;62620;54848;8035;8814;13059;;2577;1612;1390;97;;;;;;80;;;41;;;6359;;183;;;1072;;;;;;;;
29;Cuxhaven - Stade II;3;187640;137151;1490;135661;59699;45534;4924;6241;9592;;1968;1270;1074;43;;;;;;101;;;42;;;4753;;140;;;586;;;;;;;;
30;Stade I - Rotenburg II;3;194958;145131;1161;143970;64472;44598;6023;6021;11209;;2131;1302;979;54;;;;;;119;;;17;;;6531;;108;;;620;;;;;;;;
31;Mittelems;3;228051;170444;1571;168873;94923;44069;7032;5107;9160;;2456;790;767;48;;;;;;114;;;20;;;4331;;136;;;285;;;;;;;;
32;Cloppenburg - Vechta;3;216300;153769;1416;152353;96401;30168;7073;4259;6488;;1816;877;681;51;;;;;;250;;;21;;;3576;;104;;;799;;;;;;;;
33;Diepholz - Nienburg I;3;193097;142350;1496;140854;61404;44431;6929;6359;11556;;2143;1175;1196;102;;;;;;137;;;21;;;4840;;169;;;673;;;;;;;;
34;Osterholz - Verden;3;193643;144923;1502;143421;57243;47413;5235;8008;13708;;2655;1321;1250;90;;;;;;190;;;58;;;5487;;165;;;392;;;;;;;;
35;Rotenburg I - Heidekreis;3;167867;122823;1317;121506;53163;38018;4930;5572;10332;;1722;1275;1028;68;;;;;;174;;;22;;;4586;;143;;;796;;;;;;;;
36;Harburg;3;194856;152819;1416;151403;64905;42915;7382;6641;14078;;2499;1193;1366;74;;;;;;159;;;33;;;9069;;141;;;1145;;;;;;;;
37;Lüchow-Dannenberg - Lüneburg;3;179069;133574;1375;132199;48756;38415;5281;9202;18892;;3000;1145;1081;47;;;;;;177;;;30;;;5852;;136;;;402;;;;;;;;
38;Osnabrück-Land;3;197532;144853;1390;143463;68972;42214;6599;5783;11046;;2188;968;801;36;;;;;;444;;;23;;;4060;;121;;;478;;;;;;;;
39;Stadt Osnabrück;3;194231;142840;1919;140921;60754;43099;5874;7188;15390;;2794;652;815;49;;;;;;226;;;33;;;3765;;88;;;472;;;;;;;;
40;Nienburg II - Schaumburg;3;195948;141773;1464;140309;56279;51043;4993;6006;11370;;2108;1216;1129;112;;;;;;211;;;41;;;5514;;159;;;436;;;;;;;;
41;Stadt Hannover I;3;181122;129867;1888;127979;42910;45441;6043;7993;15718;;2434;808;988;122;;;;;;137;;;78;;;4654;;168;;;505;;;;;;;;
42;Stadt Hannover II;3;193157;141215;1871;139344;41684;48292;5983;11129;21559;;3113;736;1171;80;;;;;;146;;;95;;;4749;;155;;;398;;;;;;;;
43;Hannover-Land I;3;232941;176671;1658;175013;72286;57922;8725;7931;14308;;2516;1487;1346;185;;;;;;213;;;37;;;7038;;210;;;937;;;;;;;;
44;Celle - Uelzen;3;215285;157058;1562;155496;68568;46931;6478;7085;12071;;2673;1511;1173;149;;;;;;183;;;27;;;7722;;144;;;982;;;;;;;;
45;Gifhorn - Peine;3;217256;161941;1788;160153;64451;57875;5648;7575;11855;;2833;1524;1242;134;;;;;;616;;;46;;;5786;;212;;;671;;;;;;;;
46;Hameln-Pyrmont - Holzminden;3;191980;137839;2075;135764;50937;49411;5985;7201;11428;;2152;1271;1031;104;;;;;;185;;;30;;;5550;;150;;;461;;;;;;;;
47;Hannover-Land II;3;240409;182963;2067;180896;69644;65169;7228;8669;16212;;2737;1499;1429;172;;;;;;168;;;53;;;6958;;309;;;1044;;;;;;;;
48;Hildesheim;3;219571;164796;2451;162345;63041;59319;5589;8120;14587;;2937;1482;1208;92;;;;;;151;;;31;;;5601;;384;;;455;;;;;;;;
49;Salzgitter - Wolfenbüttel;3;208990;152599;2208;150391;53593;58881;5142;8461;11013;;2228;1796;1286;208;;;;;;167;;;39;;;5938;;183;;;1046;;;;;;;;
50;Braunschweig;3;193799;143752;1649;142103;48419;47741;6214;9527;17614;;4169;1038;1295;97;;;;;;128;;;100;;;5092;;127;;;724;;;;;;;;
51;Helmstedt - Wolfsburg;3;187425;133269;1927;131342;54188;45837;4796;6440;9004;;2460;1840;1182;44;;;;;;254;;;38;;;4892;;157;;;643;;;;;;;;
52;Goslar - Northeim - Osterode;3;208311;149429;2599;146830;55775;55985;6099;7475;10141;;2141;1493;1086;93;;;;;;134;;;33;;;5733;;241;;;835;;;;;;;;
53;Göttingen;3;222102;165814;1974;163840;59000;54410;6667;10432;20076;;3173;1280;1178;93;;;;;;145;;;67;;;6121;;234;;;1427;;;;;;;;
903;Niedersachsen;99;6117473;4491281;53723;4437558;1825592;1470005;185647;223935;391901;;74601;37415;33809;2786;;;;;;5664;;;1267;;;165875;;4990;;;21773;;;;;;;;
;;;;;;;;;;;;;;;;;;;;;;;;;;;;;;;;;;;;;;;;;
54;Bremen I;4;256547;184512;2128;182384;55254;60502;7168;18502;25448;;4756;1400;1641;;;;119;;;;;;87;;;6263;;199;;;398;;;959;;;;;
55;Bremen II - Bremerhaven;4;227276;148510;2083;146427;41205;56702;4036;14782;14566;;3699;2240;1824;;;;276;;;;;;69;;;6044;;267;;;416;;;590;;;;;
904;Bremen;99;483823;333022;4211;328811;96459;117204;11204;33284;40014;;8455;3640;3465;;;;395;;;;;;156;;;12307;;466;;;814;;;1549;;;;;
;;;;;;;;;;;;;;;;;;;;;;;;;;;;;;;;;;;;;;;;;
87;Aachen I;5;179933;134447;1476;132971;48728;36432;8401;10212;17485;;4669;680;;116;221;;40;;;;17;;25;137;14;4149;123;160;46;;555;149;91;784;;;;;
88;Aachen II;5;228375;164576;3027;161549;66328;52897;7948;10538;10220;;3712;1697;;792;213;;77;;;;30;;26;338;30;5337;111;320;55;;551;225;104;719;;;;;
89;Heinsberg;5;188266;134521;2205;132316;65417;34895;6543;6915;7336;;3019;1427;;254;145;;77;;;;29;;18;231;44;4652;60;251;26;;437;195;112;556;;;;;
90;Düren;5;199550;145541;2765;142776;63532;42549;7102;8120;8729;;3478;1565;;183;148;;74;;;;35;;31;373;40;5732;67;311;46;;344;238;122;652;;;;;
91;Rhein-Erft-Kreis I;5;247721;182970;6195;176775;75521;55089;10235;9266;12264;;3865;1769;;245;221;;108;;;;46;;19;407;44;6660;225;700;73;;747;313;227;691;;;;;
92;Euskirchen - Rhein-Erft-Kreis II;5;245268;178218;3940;174278;79055;46982;11611;9075;12544;;3826;1702;;191;213;;94;;;;24;;35;473;33;7183;96;489;20;;576;277;210;762;;;;;
93;Köln I;5;191277;132837;1445;131392;43863;40759;7235;10709;16056;;3501;1032;;168;204;;80;;;;61;;73;208;31;5367;254;411;18;;337;241;111;883;;;;;
94;Köln II;5;233118;184162;1478;182684;64909;48190;14871;12689;28642;;4072;596;;103;328;;53;;;;38;;43;213;37;5955;132;245;10;;403;364;96;1030;;;;;
95;Köln III;5;201922;141714;1765;139949;42902;44240;6339;12960;20905;;3789;1057;;151;263;;67;;;;59;;57;248;34;4513;381;488;27;;405;293;127;1041;;;;;
96;Bonn;5;226487;175014;2143;172871;62844;44909;14418;10988;23686;;4418;801;;92;293;;47;;;;25;;42;197;21;7389;955;358;19;;309;217;132;1079;;;;;
97;Rhein-Sieg-Kreis I;5;234377;172653;2251;170402;74187;46065;10796;9496;14000;;3771;1464;;148;238;;103;;;;23;;18;809;38;7514;152;315;20;;534;205;138;713;;;;;
98;Rhein-Sieg-Kreis II;5;213791;164635;2190;162445;73860;39571;13468;7433;14122;;3163;1091;;111;270;;75;;;;21;;18;421;17;7362;146;299;10;;585;163;115;589;;;;;
99;Oberbergischer Kreis;5;209414;150899;1983;148916;67437;40185;8446;8055;10347;;2849;1329;;152;262;;72;;;;18;;26;363;32;7487;80;473;21;;364;189;130;629;;;;;
100;Rheinisch-Bergischer Kreis;5;216414;169131;1527;167604;73278;43721;11676;8473;15113;;3311;1149;;155;265;;79;;;;25;;30;294;24;7945;119;348;28;;463;297;153;774;;;;;
101;Leverkusen - Köln IV;5;214098;150030;2086;147944;52884;48511;7212;10615;14283;;3816;1578;;177;202;;65;;;;30;;164;315;23;5807;277;514;16;;632;230;96;993;;;;;
102;Wuppertal I;5;213132;145925;2520;143405;47470;46638;8198;12499;14318;;3561;1620;;390;202;;61;;;;19;;131;311;37;5989;187;473;79;;440;227;126;962;;;;;
103;Solingen - Remscheid - Wuppertal II;5;226117;160929;2357;158572;62029;48123;9650;10740;12676;;3901;1590;;345;216;;74;;;;32;;177;320;36;6853;263;500;25;;347;200;138;786;;;;;
104;Mettmann I;5;205564;154473;1800;152673;65696;43173;9660;7808;11699;;3243;1273;;283;229;;96;;;;45;;26;273;30;7764;148;328;47;;305;199;101;457;;;;;
105;Mettmann II;5;165493;123036;1657;121379;50254;37580;7421;6646;8408;;2655;1097;;197;147;;55;;;;26;;31;212;21;5730;96;245;39;;197;176;74;347;;;;;
106;Düsseldorf I;5;218889;165028;1635;163393;65978;43269;14985;10505;15445;;3458;770;;379;182;;63;;;;33;;81;202;28;6891;126;201;21;;241;187;89;541;;;;;
107;Düsseldorf II;5;196250;139390;1983;137407;51050;41737;7979;10705;13399;;3509;1048;;550;188;;65;;;;81;;61;245;35;5845;154;283;18;;256;193;85;556;;;;;
108;Neuss I;5;214614;154444;1878;152566;69480;42604;9418;7606;9363;;3666;1503;;226;187;;92;;;;43;;39;297;39;6276;201;358;26;;646;168;107;464;;;;;
109;Mönchengladbach;5;192676;127559;1953;125606;55030;35447;7414;8080;7792;;3149;1339;;145;158;;45;;;;20;;30;199;23;5255;124;310;20;;316;179;123;744;;;;;
110;Krefeld I - Neuss II;5;202204;150999;1858;149141;66802;40968;10901;7768;10303;;3173;1192;;155;165;;77;;;;34;;42;301;34;5753;156;289;24;;457;150;80;596;;;;;
111;Viersen;5;227631;167490;1886;165604;76747;44103;10493;8897;11106;;3464;1557;;145;204;;99;;;;37;;32;355;43;6806;105;303;20;;457;159;113;552;;;;;
112;Kleve;5;225823;161873;2383;159490;77833;43253;9094;7322;9856;;3212;1293;;115;198;;94;;;;24;;31;280;23;6300;47;306;30;;234;137;101;377;;;;;
113;Wesel I;5;207485;153981;1736;152245;59970;53249;7224;9091;9780;;3154;1646;;229;158;;243;;;;25;;36;256;28;5678;84;346;39;;295;179;116;643;;;;;
114;Krefeld II - Wesel II;5;182593;131185;1948;129237;47806;44856;7237;8546;9485;;2739;1463;;166;126;;74;;;;30;;110;222;27;5085;143;404;26;;402;109;106;534;;;;;
115;Duisburg I;5;171223;121815;2161;119654;36109;47165;4044;9475;8341;;2897;2748;;318;156;;76;;;;36;;181;267;43;6211;336;857;63;;207;177;91;517;;;;;
116;Duisburg II;5;166103;105682;2063;103619;27665;44727;2891;9160;5376;;2449;3507;;299;75;;115;;;;32;;228;248;52;5349;335;845;77;;143;122;72;365;;;;;
117;Oberhausen - Wesel III;5;208991;147679;2469;145210;43882;60222;4802;11732;9604;;3579;2938;;234;167;;104;;;;49;;92;293;47;6145;155;641;47;;225;168;116;525;;;;;
118;Mülheim - Essen I;5;191475;140961;1796;139165;47247;53275;6388;8968;9837;;2858;2029;;227;142;;77;;;;41;;108;217;42;6404;209;469;53;;167;151;78;491;;;;;
119;Essen II;5;167962;108599;1614;106985;30540;44684;3627;8716;7616;;2733;2014;;370;88;;51;;;;81;;168;191;21;4556;231;385;28;;212;153;92;723;;;;;
120;Essen III;5;195692;151040;1551;149489;54310;49626;8581;9855;14550;;3087;1294;;215;186;;60;;;;91;;100;190;32;5812;140;326;21;;236;205;98;757;;;;;
121;Recklinghausen I;5;172167;122346;1801;120545;40898;48070;4100;8244;7716;;2661;1530;;204;152;;85;;;;21;;86;217;37;5464;162;402;41;;185;163;79;410;;;;;
122;Recklinghausen II;5;191504;137426;2221;135205;47082;54378;4813;8501;7860;;3140;1730;;252;131;;65;;;;29;;140;328;61;5494;168;440;66;;266;184;128;468;;;;;
123;Gelsenkirchen;5;181476;118452;1608;116844;32380;51514;3468;8880;6413;;2569;2562;;463;82;;81;;;;17;;398;205;22;5553;455;702;48;;448;120;112;456;;;;;
124;Steinfurt I - Borken I;5;201091;147449;1602;145847;72802;41073;7434;6420;8936;;2778;943;;123;155;;54;;;;16;;20;152;24;4126;40;146;28;;282;130;90;434;;;;;
125;Bottrop - Recklinghausen III;5;206061;148181;2010;146171;51021;58800;5095;9153;7998;;3029;2208;;327;465;;79;;;;36;;142;280;53;6034;243;547;54;;177;142;110;495;;;;;
126;Borken II;5;198648;151387;1401;149986;80352;38391;7915;5447;9138;;2468;948;;103;167;;61;;;;17;;17;182;22;4042;22;170;12;;248;117;78;352;;;;;
127;Coesfeld - Steinfurt II;5;190611;149678;1297;148381;74391;38075;8328;6167;12083;;2605;812;;110;188;;64;;;;14;;22;171;29;4216;18;243;13;;267;101;96;472;;;;;
128;Steinfurt III;5;193909;146050;1336;144714;62729;48324;6822;6765;10981;;2504;940;;96;123;;50;;;;16;;25;156;24;4028;74;115;16;;279;133;89;465;;;;;
129;Münster;5;227762;180093;1527;178566;67626;48579;12119;11254;27118;;4037;490;;54;595;;52;;;;21;;51;123;27;5236;59;139;23;;195;218;113;673;;;;;
130;Warendorf;5;210355;158085;1684;156401;73764;45609;8486;6858;11305;;3123;1090;;122;178;;53;;;;25;;23;223;29;4571;53;147;4;;378;93;70;329;;;;;
131;Gütersloh I;5;233596;168983;2080;166903;77361;47962;8236;8332;13148;;3070;1260;;139;354;;164;;;;21;;20;222;38;5286;111;228;17;;454;171;112;437;;;;;
132;Bielefeld - Gütersloh II;5;247179;179625;2476;177149;62698;57931;7055;14869;20711;;4189;1233;;131;280;;63;;;;39;;97;315;51;6076;190;336;34;;226;190;93;741;;;;;
133;Herford - Minden-Lübbecke II;5;230975;163815;2482;161333;63755;56554;6798;9409;12297;;3350;1267;;211;186;;76;;;;29;;36;286;32;5832;67;332;22;;661;175;109;476;;;;;
134;Minden-Lübbecke I;5;206505;145637;2113;143524;59134;49536;6640;7114;10527;;2893;936;;239;151;;61;;;;16;;30;254;31;5170;39;244;28;;358;141;89;395;;;;;
135;Lippe I;5;172330;125708;1797;123911;48776;43583;5698;6369;9123;;2498;1020;;139;133;;56;;;;18;;27;238;36;4758;60;266;29;;788;105;95;379;;;;;
136;Höxter - Lippe II;5;213488;155994;2260;153734;70520;45707;7423;7894;10266;;2853;1188;;88;400;;63;;;;22;;22;221;29;5545;91;198;19;;807;113;91;438;;;;;
137;Paderborn - Gütersloh III;5;247138;176149;2103;174046;89394;40630;8774;9065;12445;;3682;1383;;132;293;;76;;;;31;;17;257;31;6296;119;248;24;;500;187;126;438;;;;;
138;Hagen - Ennepe-Ruhr-Kreis I;5;212903;147183;2595;144588;51328;53380;6604;9820;9806;;3262;1611;;310;159;;189;;;;20;;96;305;33;6374;142;744;29;;373;182;113;566;;;;;
139;Ennepe-Ruhr-Kreis II;5;181174;134749;1897;132852;44028;50946;5977;8498;12071;;2951;1241;;152;187;;64;;;;19;;156;222;37;5178;143;323;44;;197;153;75;487;;;;;
140;Bochum I;5;210904;154030;2865;151165;46448;58766;5862;12022;14667;;3903;1916;;170;237;;69;;;;36;;145;245;36;5820;196;374;48;;286;187;71;678;;;;;
141;Herne - Bochum II;5;184009;126927;2397;124530;35149;54876;3528;10162;8275;;3078;2225;;439;156;;89;;;;24;;198;267;40;4949;224;463;54;;217;152;88;480;;;;;
142;Dortmund I;5;213946;149031;1562;147469;42712;56180;6107;11653;15827;;4078;1894;;157;172;;136;;;;27;;154;304;32;6060;158;243;125;;437;161;137;731;;;;;
143;Dortmund II;5;206701;137503;1850;135653;39604;55683;5139;10568;11328;;3322;1894;;160;125;;81;;;;21;;71;297;33;5571;241;311;50;;609;129;122;643;;;;;
144;Unna I;5;200068;148119;1843;146276;46794;60019;5850;9127;11567;;3189;1505;;139;125;;83;;;;40;;55;309;31;5525;172;362;29;;882;141;114;557;;;;;
145;Hamm - Unna II;5;238091;167338;2426;164912;60984;63646;6153;10399;9990;;3465;2064;;281;123;;76;;;;21;;66;298;33;5523;236;457;92;;683;129;118;555;;;;;
146;Soest;5;232311;167911;2435;165476;74380;50439;8218;8721;11565;;3410;1321;;180;204;;86;;;;32;;25;333;52;5711;91;330;59;;229;192;101;467;;;;;
147;Hochsauerlandkreis;5;205948;151727;2123;149604;74530;42054;7625;7055;7161;;2940;1269;;160;173;;85;;;;20;;22;319;39;5140;43;278;22;;533;131;88;359;;;;;
148;Siegen-Wittgenstein;5;215751;156569;1812;154757;64307;49563;7327;8920;9937;;2722;1759;;269;286;;55;;;;22;;41;312;35;7653;406;312;30;;243;146;101;450;;;;;
149;Olpe - Märkischer Kreis I;5;210836;150469;1632;148837;71437;42002;7694;7113;7726;;2708;1574;;188;193;;84;;;;27;;22;312;44;6151;117;275;20;;505;134;101;488;;;;;
150;Märkischer Kreis II;5;206189;145197;1695;143502;59536;46318;6431;8463;7971;;3284;1620;;284;145;;119;;;;18;;47;363;31;7122;147;317;27;;389;194;109;625;;;;;
905;Nordrhein-Westfalen;99;13253554;9605247;132654;9472593;3776563;3028282;498027;582925;760642;;209507;94291;;13848;12978;;5151;;;;1975;;4600;17622;2155;372258;10705;23243;2245;;25127;11349;6888;37776;;;;;
;;;;;;;;;;;;;;;;;;;;;;;;;;;;;;;;;;;;;;;;;
167;Waldeck;6;189728;138632;4931;133701;49063;48420;6452;7356;10872;;2242;1159;;237;;;;;;;47;;33;;71;6774;;152;;;1013;;;525;;;;;
168;Kassel;6;224555;160695;5232;155463;48361;53232;6259;13680;19884;;3575;1218;;198;;;;;;;51;;165;;89;7977;;155;;;839;;;796;;;;;
169;Werra-Meißner - Hersfeld-Rotenburg;6;180203;131446;4632;126814;45872;46913;5014;7584;8868;;1954;2013;;170;;;;;;;55;;41;;55;7096;;136;;;961;;;521;;;;;
170;Schwalm-Eder;6;191354;141665;4836;136829;48747;50052;6362;7442;10498;;2306;1532;;229;;;;;;;46;;32;;58;7394;;162;;;1592;;;529;;;;;
171;Marburg;6;184686;130945;2943;128002;46993;42749;5111;8720;13443;;2206;1034;;313;;;;;;;47;;26;;62;5858;;109;;;593;;;645;;;;;
172;Lahn-Dill;6;210867;146943;4108;142835;59760;43406;6323;7433;10600;;2533;2253;;288;;;;;;;63;;37;;63;8315;;213;;;1250;;;566;;;;;
173;Gießen;6;215246;156652;4350;152302;59062;45299;7553;9928;14759;;3268;1977;;273;;;;;;;93;;59;;84;7444;;183;;;1982;;;759;;;;;
174;Fulda;6;209960;154025;4429;149596;76778;33218;7313;6900;10058;;2715;2190;;414;;;;;;;64;;25;;71;8711;;162;;;1033;;;578;;;;;
175;Main-Kinzig - Wetterau II - Schotten;6;180491;131010;4237;126773;52305;35313;6516;6934;9720;;2666;2662;;487;;;;;;;72;;25;;74;8098;;187;;;1325;;;630;;;;;
176;Hochtaunus;6;182026;139886;2911;136975;58822;33846;10334;6358;12690;;2266;1024;;469;;;;;;;51;;18;;38;9447;;134;;;876;;;510;;;;;
177;Wetterau I;6;175085;131480;3710;127770;52419;34937;7586;6615;11991;;2535;1860;;194;;;;;;;110;;23;;57;7608;;170;;;1440;;;604;;;;;
178;Rheingau-Taunus - Limburg;6;220668;165788;3756;162032;73599;40718;10139;7290;13955;;2884;1476;;302;;;;;;;57;;42;;67;9469;;189;;;1126;;;611;;;;;
179;Wiesbaden;6;189698;132335;2705;129630;50187;36041;8801;7668;15133;;2531;865;;352;;;;;;;151;;52;;38;6550;;124;;;665;;;525;;;;;
180;Hanau;6;177413;128280;4179;124101;48828;35650;6611;7630;11183;;2549;1899;;687;;;;;;;73;;28;;65;7356;;212;;;847;;;876;;;;;
181;Main-Taunus;6;196605;155145;4078;151067;66598;34156;13100;6406;15057;;2773;1003;;285;;;;;;;53;;35;;63;10470;;159;;;1212;;;549;;;;;
182;Frankfurt am Main I;6;195615;133575;3056;130519;43883;35106;9209;11684;17398;;3117;949;;450;;;;;;;85;;56;;62;6983;;133;;;904;;;869;;;;;
183;Frankfurt am Main II;6;219357;159914;2937;156977;53198;41360;10979;12778;24165;;3426;930;;235;;;;;;;87;;54;;69;7669;;125;;;932;;;1006;;;;;
184;Groß-Gerau;6;174002;127383;4079;123304;45389;37781;5762;7693;13129;;2989;1430;;509;;;;;;;52;;76;;61;6939;;200;;;1036;;;643;;;;;
185;Offenbach;6;221650;158240;4637;153603;59905;40203;9836;10205;16503;;3627;1663;;626;;;;;;;49;;40;;75;8994;;224;;;1461;;;839;;;;;
186;Darmstadt;6;240017;180790;4193;176597;61677;50416;8945;11866;25149;;5508;1354;;303;;;;;;;62;;96;;77;9169;;154;;;933;;;991;;;;;
187;Odenwald;6;234360;177273;6023;171250;70211;48252;8964;9459;15560;;4034;2035;;764;;;;;;;101;;76;;83;9864;;289;;;1307;;;833;;;;;
188;Bergstraße;6;199685;148381;3252;145129;61337;39838;7975;7025;12520;;2951;1589;;617;;;;;;;67;;32;;62;8134;;182;;;1602;;;628;;;;;
906;Hessen;99;4413271;3230483;89214;3141269;1232994;906906;175144;188654;313135;;64655;34115;;8402;;;;;;;1536;;1071;;1444;176319;;3754;;;24929;;;15033;;;;;
;;;;;;;;;;;;;;;;;;;;;;;;;;;;;;;;;;;;;;;;;
198;Neuwied;7;240333;173536;3247;170289;78005;48866;8023;8965;10661;;3249;1610;;262;322;;;;;;;;68;;;8759;;355;;;1657;;354;;;;;;
199;Ahrweiler;7;195077;142594;3103;139491;68680;34660;7897;6569;9287;;2920;1067;;212;555;;;;;;;;34;;;7328;;261;;;929;;261;;;;;;
200;Koblenz;7;198113;142888;3193;139695;63427;38221;7595;7358;10853;;3073;938;;176;324;;;;;;;;29;;;6625;;282;;;1714;;248;;;;;;
201;Mosel/Rhein-Hunsrück;7;175441;129262;3111;126151;62703;31202;7948;6139;7257;;2352;1057;;160;477;;;;;;;;36;;;5323;;282;;;1698;;318;;;;;;
202;Kreuznach;7;187473;132299;3409;128890;53335;40708;7236;7485;8221;;2394;1434;;210;253;;;;;;;;32;;;6180;;288;;;1745;;283;;;;;;
203;Bitburg;7;166313;119298;2706;116592;61192;26189;7136;5134;7165;;2159;904;;135;305;;;;;;;;33;;;4264;;176;;;1925;;550;;;;;;
204;Trier;7;193803;141134;3321;137813;60909;36410;6841;8688;13157;;3508;1043;;136;290;;;;;;;;76;;;5736;;173;;;1289;;268;;;;;;
205;Montabaur;7;211010;155100;3327;151773;69119;42500;7994;7724;9646;;3104;1705;;279;291;;;;;;;;77;;;7831;;300;;;1945;;316;;;;;;
206;Mainz;7;256317;196076;3583;192493;74392;51614;12688;10652;25339;;4799;1060;;561;1314;;;;;;;;72;;;8815;;339;;;1422;;486;;;;;;
207;Worms;7;201931;148928;2953;145975;57620;43670;8657;7398;12267;;3138;2116;;544;497;;;;;;;;41;;;8188;;269;;;1595;;358;;;;;;
208;Ludwigshafen/Frankenthal;7;217129;155005;3243;151762;59425;45001;7952;8538;11042;;3878;2177;;1801;283;;;;;;;;148;;;9224;;348;;;2162;;441;;;;;;
209;Neustadt - Speyer;7;220643;165435;3865;161570;71072;41982;9337;7871;13915;;3660;1778;;943;427;;;;;;;;45;;;7995;;332;;;2835;;611;;;;;;
210;Kaiserslautern;7;232164;163010;4024;158986;57376;52242;7315;12107;11430;;4278;3080;;580;323;;;;;;;;55;;;7101;;415;;;3031;;535;;;;;;
211;Pirmasens;7;180540;128753;4085;124668;54877;35108;6344;8172;5960;;3061;2178;;1313;267;;;;;;;;42;;;5461;;282;;;2046;;483;;;;;;
212;Südpfalz;7;216137;158661;3545;155116;66523;40537;9677;7538;13172;;4091;1833;;1233;660;;;;;;;;71;;;7584;;349;;;2166;;410;;;;;;
907;Rheinland-Pfalz;99;3092424;2251979;50715;2201264;958655;608910;122640;120338;169372;;49664;23980;;8545;6588;;;;;;;;859;;;106414;;4451;;;28159;;5922;;;;;;
;;;;;;;;;;;;;;;;;;;;;;;;;;;;;;;;;;;;;;;;;
258;Stuttgart I;8;191191;152546;1298;151248;56794;31766;12548;9432;26534;;4338;506;860;224;528;;;258;;170;79;;103;141;;6281;136;66;;;645;;91;;;;;;
259;Stuttgart II;8;183064;134355;1520;132835;52323;30469;8920;8902;18341;;3460;799;846;479;382;;;367;;135;44;;219;153;;6047;255;84;;;732;;84;;;;;;
260;Böblingen;8;247128;191149;2400;188749;88734;37808;13516;8234;19613;;4133;1743;1331;566;533;;;331;;613;85;;163;456;;9666;184;161;;;1291;;116;;;;;;
261;Esslingen;8;166975;129700;1275;128425;57598;28205;7859;5862;15483;;2871;880;1110;873;302;;;245;;165;18;;111;152;;5835;143;88;;;647;;89;;;;;;
262;Nürtingen;8;205756;160053;1680;158373;72844;31499;10880;6533;18435;;3602;1181;1233;1744;476;;;387;;370;10;;59;320;;7599;112;128;;;915;;99;;;;;;
263;Göppingen;8;179130;132632;1921;130711;60058;28435;7646;5569;13275;;2629;1599;1000;552;403;;;289;;240;17;;67;198;;8259;129;93;;;530;;115;;;;;;
264;Waiblingen;8;221739;171509;2110;169399;77461;34086;13327;7663;17511;;3583;1783;1359;665;577;;;640;;625;16;;116;399;;9160;102;104;;;564;;118;;;;;;
265;Ludwigsburg;8;209968;162815;2254;160561;70982;34338;11140;7594;18842;;3567;1359;1102;563;557;;;507;;334;21;;120;202;;8247;138;142;;;1380;;136;;;;;;
266;Neckar-Zaber;8;226751;177134;2854;174280;79372;36849;11799;7271;18551;;3810;1921;1350;738;705;;;645;;474;79;;86;299;;9703;186;190;;;1051;;179;;;;;;
267;Heilbronn;8;241656;173772;2885;170887;78544;37933;10927;8138;14662;;3789;2672;1250;715;731;;;544;;432;28;;126;308;;9271;322;261;;;771;;166;;;;;;
268;Schwäbisch Hall - Hohenlohe;8;224384;158389;2624;155765;72835;31230;10355;7535;15641;;3371;2119;1143;597;1188;;;442;;574;23;;81;278;;7799;94;146;;;608;;174;;;;;;
269;Backnang - Schwäbisch Gmünd;8;175434;130255;2468;127787;62236;26198;7420;5454;11657;;2761;1587;1011;547;424;;;402;;514;29;;76;245;;7268;55;122;;;433;;169;;;;;;
270;Aalen - Heidenheim;8;222959;162969;2859;160110;79409;35861;7267;7483;13532;;3118;2166;1010;983;655;;;450;;324;16;;49;282;;7255;96;161;;;692;;124;;;;;;
271;Karlsruhe-Stadt;8;205735;150050;1939;148111;55791;33785;8978;8933;22263;;6009;853;1111;352;423;;;250;;205;34;;93;185;;8334;77;90;;;724;;116;;;;;;
272;Karlsruhe-Land;8;209733;159992;2737;157255;73805;33416;9553;6461;15175;;3761;1301;1278;730;346;;;386;;491;16;;41;258;;9473;62;196;;;1205;;151;;;;;;
273;Rastatt;8;207555;148159;2513;145646;71752;30043;8436;6055;13223;;2906;1409;1076;376;280;;;380;;174;12;;54;329;;8397;46;121;;;751;;137;;;;;;
274;Heidelberg;8;215943;168177;1858;166319;62331;38915;11626;9413;24601;;4581;1136;1187;268;405;;;289;;145;10;;44;188;;10219;85;76;;;766;;121;;;;;;
275;Mannheim;8;198525;137796;2629;135167;47598;37367;7427;10227;15047;;4287;1585;1378;514;278;;;497;;162;27;;120;277;;8148;104;136;;;465;;100;;;;;;
276;Odenwald - Tauber;8;213424;155585;2300;153285;79516;30269;7956;6379;10984;;3049;2023;1199;615;1030;;;386;;213;24;;34;299;;7994;75;149;;;911;;141;;;;;;
277;Rhein-Neckar;8;197424;147782;2228;145554;63876;32456;9444;6959;13912;;3909;1936;1255;591;421;;;342;;264;18;;36;267;;8786;72;125;;;932;;146;;;;;;
278;Bruchsal - Schwetzingen;8;195953;145107;2468;142639;66656;30861;8133;6357;11696;;3556;1628;1416;1042;278;;;418;;164;22;;42;272;;8700;89;168;;;1364;;173;;;;;;
279;Pforzheim;8;219976;159491;2294;157197;70997;31788;11171;7248;14081;;3405;2125;1324;613;389;;;460;;598;15;;38;317;;11379;98;176;;;1014;;160;;;;;;
280;Calw;8;197679;145151;2442;142709;73263;25285;9194;5948;10946;;2642;1689;995;904;524;;;410;;796;21;;39;257;;9013;88;122;;;1017;;117;;;;;;
281;Freiburg;8;219472;168260;1726;166534;59007;36791;8059;13105;33044;;4973;784;1465;282;642;;;363;;329;21;;77;261;;6384;52;88;;;732;;120;;;;;;
282;Lörrach - Müllheim;8;229316;164341;2298;162043;70888;35328;9159;7856;20593;;3594;1412;1393;589;410;;;457;;590;24;;50;514;;8267;70;119;;;738;;151;;;;;;
283;Emmendingen - Lahr;8;215623;153869;3254;150615;69272;32131;7749;7016;18293;;3667;1176;1490;413;1087;;;371;;397;26;;29;363;;6823;33;101;;;710;;122;;;;;;
284;Offenburg;8;205119;145259;2386;142873;68973;27448;8140;6762;15311;;3028;1318;1244;334;350;;;311;;218;14;;32;332;;7743;24;79;;;852;;309;;;;;;
285;Rottweil - Tuttlingen;8;199241;143449;2519;140930;72998;24757;9025;5601;10385;;2582;2080;968;413;1250;;;418;;361;27;;29;353;;8214;54;99;;;1383;;171;;;;;;
286;Schwarzwald-Baar;8;166191;119181;1815;117366;57912;22414;6933;4860;10613;;2260;1737;926;208;375;;;339;;453;17;;57;229;;6697;37;76;;;1084;;118;;;;;;
287;Konstanz;8;202393;147557;1907;145650;63563;29504;10735;7295;18446;;3190;1116;1180;199;661;;;335;;230;20;;43;384;;8027;49;89;;;649;;101;;;;;;
288;Waldshut;8;177313;128808;2367;126441;62610;24130;7307;5482;13987;;2335;947;876;635;683;;;314;;228;21;;30;344;;5979;46;97;;;890;;95;;;;;;
289;Reutlingen;8;199091;150014;1883;148131;68394;28558;10441;7089;16195;;3267;1517;962;543;505;;;346;;314;23;;139;324;;8245;71;104;;;875;;110;;;;;;
290;Tübingen;8;193188;149768;1789;147979;61889;30417;8208;9820;21978;;3979;1297;1053;439;589;;;276;;340;30;;95;267;;6815;73;94;;;509;;113;;;;;;
291;Ulm;8;220702;167199;2153;165046;80370;33432;8662;7087;17023;;4075;1747;1158;553;724;;;422;;344;46;;114;342;;7839;95;147;;;1147;;141;;;;;;
292;Biberach;8;163772;121718;2131;119587;67567;17814;5851;4075;10887;;2503;1062;825;599;1166;;;316;;209;28;;20;273;;5072;66;105;;;1516;;134;;;;;;
293;Bodensee;8;171016;128696;1930;126766;61961;23125;8086;5629;14955;;2594;1091;950;303;902;;;254;;163;21;;51;362;;5689;37;75;;;863;;98;;;;;;
294;Ravensburg;8;185006;135877;1630;134247;67251;23266;7047;5770;16571;;2837;1164;951;418;1982;;;297;;231;23;;60;320;;5200;29;85;;;901;;103;;;;;;
295;Zollernalb - Sigmaringen;8;184370;132905;2714;130191;69176;22447;7393;5359;11008;;2746;1854;1012;668;543;;;328;;289;37;;198;282;;6161;45;132;;;1222;;161;;;;;;
908;Baden-Württemberg;99;7689895;5711469;84058;5627411;2576606;1160424;348317;272456;623294;;130767;56302;43277;21847;23704;;;14472;;12878;1042;;2941;11032;;295988;3529;4595;;;33479;;5069;;;;;;
;;;;;;;;;;;;;;;;;;;;;;;;;;;;;;;;;;;;;;;;;
213;Altötting;9;167160;111846;985;110861;;16797;4365;3241;6394;64998;1902;702;759;541;1349;;39;;1485;;116;350;15;;;4496;;79;;213;2884;;136;;;;;;
214;Erding - Ebersberg;9;192385;143626;1083;142543;;23670;7322;4178;12587;72850;2611;607;1029;1052;1976;;119;;2177;;31;171;25;;;7395;;92;;247;4443;;115;;;;;;
215;Freising;9;216717;155881;1439;154442;;25243;7248;5030;14390;78924;3157;1181;1154;500;1913;;44;;2010;;29;187;26;;;7424;;123;;264;5780;;148;;;;;;
216;Fürstenfeldbruck;9;251146;188417;1377;187040;;34660;9455;5711;16586;94458;3599;901;1401;540;2056;;62;;2086;;23;240;40;;;9807;;161;;275;5051;;141;;;;;;
217;Ingolstadt;9;254661;174710;1378;173332;;29880;7407;6163;10752;96804;3095;1472;1061;727;1986;;63;;1796;;23;194;27;;;6089;;104;;266;5114;;176;;;;;;
218;München-Nord;9;225557;155942;1185;154757;;38350;12778;7088;21174;57100;4223;654;1071;262;1544;;42;;900;;56;209;60;;;7106;;110;;196;2193;;128;;;;;;
219;München-Ost;9;236523;168795;1355;167440;;39187;13775;7131;21719;66349;3814;621;1124;297;1575;;47;;1235;;45;210;41;;;7807;;113;;206;2600;;146;;;;;;
220;München-Süd;9;215368;154146;975;153171;;36877;10727;7341;21440;58097;4003;632;1092;283;1418;;46;;1088;;49;224;42;;;7082;;82;;256;2493;;125;;;;;;
221;München-West/Mitte;9;239700;174322;1303;173019;;41108;12850;8312;27068;64221;4313;643;1219;272;1770;;51;;1002;;60;249;125;;;7249;;201;;291;2387;;142;;;;;;
222;München-Land;9;247787;192033;1161;190872;;37497;16300;5380;18960;89504;3546;626;1346;533;1661;;92;;1325;;27;189;32;;;9303;;112;;237;3986;;204;;;;;;
223;Rosenheim;9;231069;162958;1336;161622;;23966;8040;4688;13631;87569;2788;772;1111;1368;2419;;36;;3088;;96;241;24;;;7792;;93;;269;3653;;167;;;;;;
224;Starnberg;9;245379;182283;2179;180104;;27345;13346;4796;16417;93201;2804;739;1322;415;1985;;49;;2609;;35;397;22;;;10160;;123;;235;4887;;201;;;;;;
225;Traunstein;9;206868;141456;1544;139912;;20875;6139;4193;12334;80351;2116;771;912;813;1843;;43;;1808;;36;202;18;;;4597;;85;;187;2843;;164;;;;;;
226;Weilheim;9;252724;184167;1951;182216;;28342;9461;5629;16017;95885;2907;1062;1284;412;3011;;79;;3573;;32;271;45;;;9665;;137;;321;4441;;196;;;;;;
227;Deggendorf;9;155082;93941;843;93098;;15438;3557;3107;4065;52481;1280;1440;661;435;935;;36;;1559;;13;87;11;;;3787;;66;;171;4007;;66;;;;;;
228;Landshut;9;251273;171644;1648;169996;;27160;7989;5161;11427;92069;2642;1378;1328;489;2176;;40;;2464;;27;274;22;;;6111;;153;;309;9038;;181;;;;;;
229;Passau;9;186392;117391;1280;116111;;21611;5198;4399;6895;62765;1811;1104;864;349;1892;;23;;1120;;19;122;13;;;4518;;81;;190;3365;;103;;;;;;
230;Rottal-Inn;9;163308;103874;1233;102641;;15626;4195;2753;4996;60501;1434;1296;722;438;1740;;40;;1346;;32;113;17;;;3723;;82;;185;3602;;131;;;;;;
231;Straubing;9;173773;111537;1167;110370;;17790;4653;3297;4324;63887;1627;1513;688;377;1939;;19;;1390;;14;81;16;;;4375;;59;;191;4171;;138;;;;;;
232;Amberg;9;215146;151021;1542;149479;;29036;5633;5052;8997;80073;2920;1586;981;372;1959;;53;;1375;;30;142;32;;;5273;;109;;280;5681;;152;;;;;;
233;Regensburg;9;248820;171954;1394;170560;;32902;7835;6617;15759;82556;3354;1280;1261;475;2571;;35;;1320;;23;213;33;;;7000;;103;;279;6886;;137;;;;;;
234;Schwandorf;9;216389;141364;1247;140117;;27066;4701;4505;5927;76453;2153;1705;1020;469;1527;;42;;2120;;21;103;38;;;4575;;105;;253;6858;;159;;;;;;
235;Weiden;9;170403;118903;1114;117789;;26484;3953;3982;5072;62126;1758;1909;772;289;1098;;27;;1071;;19;105;18;;;4243;;109;;254;4259;;162;;;;;;
236;Bamberg;9;179923;126869;995;125874;;24924;6073;5143;11267;61546;2905;1619;964;586;792;;40;;570;;19;139;60;;;5211;;82;;319;3559;;131;;;;;;
237;Bayreuth;9;164828;115659;1187;114472;;26676;5539;3783;7803;56846;2192;1104;796;530;556;;44;;398;;16;112;24;;;4435;;70;;245;3524;;111;;;;;;
238;Coburg;9;160103;111378;985;110393;;30708;4469;4415;6309;51567;1785;1621;678;218;536;;25;;305;;17;109;39;;;4730;;62;;243;2435;;99;;;;;;
239;Hof;9;174569;118838;1089;117749;;31406;4418;5619;6315;55219;2257;1461;1030;446;504;;40;;597;;14;87;19;;;5109;;107;;235;2598;;156;;;;;;
240;Kulmbach;9;172449;122307;1225;121082;;26030;4513;4392;6396;63378;2316;2017;889;554;856;;31;;758;;12;122;28;;;4800;;105;;307;3476;;120;;;;;;
241;Ansbach;9;243643;166555;1683;164872;;36690;7619;6368;13771;78640;3276;2008;1114;643;1848;;123;;860;;33;239;23;;;5950;;177;;351;5208;;156;;;;;;
242;Erlangen;9;179506;135186;863;134323;;32638;7440;5840;15395;55940;3311;917;901;289;1144;;51;;507;;26;126;45;;;5590;;70;;222;3684;;113;;;;;;
243;Fürth;9;253603;178211;1370;176841;;44485;8251;8816;16126;75595;4148;1739;1338;887;1374;;78;;772;;30;185;70;;;7824;;132;;305;4335;;217;;;;;;
244;Nürnberg-Nord;9;193031;132674;1053;131621;;35310;7150;9311;17444;45748;4221;1061;1032;409;940;;57;;337;;26;165;149;;;5906;;81;;244;1909;;147;;;;;;
245;Nürnberg-Süd;9;185799;121814;1157;120657;;34363;5087;6948;9705;48881;2936;1572;890;481;761;;110;;318;;11;114;50;;;5737;;79;;214;2187;;131;;;;;;
246;Roth;9;226102;168765;1566;167199;;41107;7467;6394;14247;76181;3252;1471;1235;803;1095;;68;;560;;18;180;24;;;6533;;141;;293;6192;;192;;;;;;
247;Aschaffenburg;9;184171;131310;2410;128900;;28408;7003;4691;11135;61741;2545;1550;1098;739;791;;52;;563;;15;190;75;;;5263;;156;;263;2902;;166;;;;;;
248;Bad Kissingen;9;217994;155355;1822;153533;;27931;7342;6946;9874;82760;2980;2018;919;884;1119;;67;;756;;27;167;40;;;4988;;125;;311;4129;;239;;;;;;
249;Main-Spessart;9;197762;143137;2024;141113;;30486;6413;4839;9972;69953;2670;1404;1119;1001;915;;151;;525;;31;167;25;;;5583;;90;;301;5619;;166;;;;;;
250;Schweinfurt;9;200150;141275;1713;139562;;28872;5906;6940;9903;71264;2493;1333;852;1118;859;;56;;828;;23;114;52;;;4665;;121;;264;4041;;155;;;;;;
251;Würzburg;9;226597;166593;1364;165229;;37225;8485;6637;19311;74187;4014;946;1136;1279;1388;;49;;495;;20;167;29;;;6388;;94;;319;2920;;182;;;;;;
252;Augsburg-Stadt;9;208231;133378;1354;132024;;29328;6187;7391;13940;57699;3424;841;1012;641;1034;;115;;700;;43;205;84;;;7136;;116;;258;1976;;136;;;;;;
253;Augsburg-Land;9;244203;176239;1600;174639;;30126;8134;5631;12670;93973;3089;1279;1384;1023;1784;;367;;1580;;29;221;42;;;9040;;151;;390;3929;;168;;;;;;
254;Donau-Ries;9;189974;131055;1560;129495;;21616;5824;4260;7773;72065;1938;1503;877;999;1312;;121;;1144;;12;214;26;;;5433;;81;;462;3964;;134;;;;;;
255;Neu-Ulm;9;237651;161614;1697;159917;;29023;7485;5958;10417;84598;2990;2444;1187;580;1732;;57;;986;;39;185;46;;;8986;;139;;355;2985;;174;;;;;;
256;Oberallgäu;9;224278;155635;1531;154104;;24776;8749;5574;14329;80902;2431;861;1201;1052;2089;;161;;976;;30;230;35;;;6695;;99;;290;3918;;153;;;;;;
257;Ostallgäu;9;244541;167668;1456;166212;;24971;7677;5270;11785;91664;2904;1374;1103;587;2593;;42;;2913;;28;199;30;;;7991;;114;;382;4537;;176;;;;;;
909;Bayern;99;9472738;6633726;62423;6571303;;1314009;334158;248920;552818;3243569;127934;56737;46937;27457;68365;;3032;;57395;;1375;8211;1757;;;283570;;4874;;12148;180649;;6840;;;;;;
;;;;;;;;;;;;;;;;;;;;;;;;;;;;;;;;;;;;;;;;;
296;Saarbrücken;10;204905;142400;3349;139051;46513;43329;6246;16268;10910;;4110;2582;;;;1560;;;;;;;160;;;6575;;233;;;849;;;;;;;;
297;Saarlouis;10;211529;154287;4360;149927;60052;46037;5480;13458;7873;;3739;2610;;;;1653;;;;;;;71;;;7645;;237;;;1075;;;;;;;;
298;St. Wendel;10;181521;138097;4041;134056;54911;40861;4514;12139;6088;;3391;2062;;;;1858;;;;;;;58;;;7287;;214;;;810;;;;;;;;
299;Homburg;10;198117;142644;3729;138915;50892;44365;5266;14180;7127;;3453;2437;;;;2378;;;;;;;72;;;7784;;218;;;930;;;;;;;;
910;Saarland;99;796072;577428;15479;561949;212368;174592;21506;56045;31998;;14693;9691;;;;7449;;;;;;;361;;;29291;;902;;;3664;;;;;;;;
;;;;;;;;;;;;;;;;;;;;;;;;;;;;;;;;;;;;;;;;;
75;Berlin-Mitte;11;204085;141574;2282;139292;31544;36403;5134;26068;23329;;6608;1234;;198;319;;;;;;144;;145;;76;5443;473;292;;;304;;;1686;;;;;
76;Berlin-Pankow;11;235344;175061;2414;172647;40617;38030;4380;43472;24300;;6767;2597;;231;416;;;;;;182;;146;;124;8372;84;457;;;665;;;1984;;;;;
77;Berlin-Reinickendorf;11;182934;133484;2603;130881;52545;34571;5708;10394;11427;;3417;1976;;310;240;;;;;;75;;44;;50;7906;209;449;;;661;;;1074;;;;;
78;Berlin-Spandau - Charlottenburg Nord;11;187363;130485;2722;127763;46757;36932;4856;12146;10542;;3960;1815;;310;224;;;;;;164;;85;;55;7458;460;494;;;550;;;1038;;;;;
79;Berlin-Steglitz - Zehlendorf;11;220007;175539;2559;172980;64500;44371;11057;12426;23487;;4358;1016;;169;353;;;;;;140;;55;;50;9257;160;331;;;552;;;1155;;;;;
80;Berlin-Charlottenburg - Wilmersdorf;11;197797;153420;2086;151334;49285;41058;10347;13446;23324;;3872;639;;114;242;;;;;;120;;45;;39;7276;205;220;;;457;;;976;;;;;
81;Berlin-Tempelhof - Schöneberg;11;235259;177205;3046;174159;55275;47834;7134;17937;26941;;5526;1588;;219;342;;;;;;221;;73;;63;7988;473;481;;;759;;;1578;;;;;
82;Berlin-Neukölln;11;205635;140825;3102;137723;40038;36211;4122;19677;19156;;5654;2627;;216;255;;;;;;126;;143;;80;5832;617;454;;;689;;;2060;;;;;
83;Berlin-Friedrichshain-Kreuzberg - Prenzlauer Berg Ost;11;226240;168048;2317;165731;25474;39784;3579;41639;34420;;9612;1140;;107;426;;;;;;86;;209;;126;4623;594;252;;;477;;;3142;;;;;
84;Berlin-Treptow - Köpenick;11;201629;148406;2187;146219;37170;31204;2904;43118;10787;;5176;3795;;227;328;;;;;;199;;191;;83;8106;88;524;;;894;;;1487;;;;;
85;Berlin-Marzahn - Hellersdorf;11;203968;132817;2078;130739;33947;25103;2278;43026;5068;;3996;5101;;243;202;;;;;;181;;111;;102;8319;73;1116;;;752;;;1114;;;;;
86;Berlin-Lichtenberg;11;205457;138551;2259;136292;31491;27886;2117;47158;7956;;5072;3486;;220;265;;;;;;172;;163;;117;7480;73;595;;;771;;;1379;;;;;
911;Berlin;99;2505718;1815415;29655;1785760;508643;439387;63616;330507;220737;;64018;27014;;2564;3612;;;;;;1810;;1410;;965;88060;3509;5665;;;7531;;;18673;;;;;
;;;;;;;;;;;;;;;;;;;;;;;;;;;;;;;;;;;;;;;;;
56;Prignitz - Ostprignitz-Ruppin - Havelland I;12;162624;103904;2156;101748;37305;25638;2299;23048;3532;;1967;2329;;120;;;;;;;;;82;;;4761;;369;;;772;;;;;;;;
57;Uckermark - Barnim I;12;160234;100634;1879;98755;36377;22475;2069;23572;3580;;1985;2632;;159;;;;;;;;;100;;;4776;;317;;;877;;;;;;;;
58;Oberhavel - Havelland II;12;250706;177378;3659;173719;63199;41603;5119;32023;9861;;3894;4273;;304;;;;;;;;;168;;;11713;;787;;;1577;;;;;;;;
59;Märkisch-Oderland - Barnim II;12;251583;175093;3922;171171;55340;37323;3816;44996;7213;;3968;4246;;278;;;;;;;;;166;;;10981;;861;;;2135;;;;;;;;
60;Brandenburg an der Havel - Potsdam-Mittelmark I - Havelland III - Teltow-Fläming I;12;191014;124176;2434;121742;41489;32002;2780;27921;4578;;2388;3187;;183;;;;;;;;;131;;;5929;;450;;;933;;;;;;;;
61;Potsdam - Potsdam-Mittelmark II - Teltow-Fläming II;12;244812;182227;3088;179139;56449;44723;5900;37294;16241;;4814;2067;;207;;;;;;;;;265;;;10282;;610;;;1045;;;;;;;;
62;Dahme-Spreewald - Teltow-Fläming III - Oberspreewald-Lausitz I;12;240784;169480;3478;166002;57867;37780;4526;36310;7425;;3617;4468;;579;;;;;;;;;180;;;10605;;713;;;2381;;;;;;;;
63;Frankfurt (Oder) - Oder-Spree;12;199341;135293;3167;132126;44301;29631;2922;32862;5266;;2911;4058;;258;;;;;;;;;198;;;8562;;642;;;1219;;;;;;;;
64;Cottbus - Spree-Neiße;12;187157;125920;2689;123231;44230;26863;2984;27965;4382;;2615;3897;;204;;;;;;;;;138;;;8555;;525;;;1355;;;;;;;;
65;Elbe-Elster - Oberspreewald-Lausitz II;12;177689;118680;2668;116012;46044;23136;2950;25321;3104;;2626;4421;;196;;;;;;;;;153;;;6911;;531;;;1122;;;;;;;;
912;Brandenburg;99;2065944;1412785;29140;1383645;482601;321174;35365;311312;65182;;30785;35578;;2488;;;;;;;;;1581;;;83075;;5805;;;13416;;;;;;;;
;;;;;;;;;;;;;;;;;;;;;;;;;;;;;;;;;;;;;;;;;
12;Schwerin - Ludwigslust-Parchim I - Nordwestmecklenburg I;13;220166;148614;2506;146108;59081;31566;3303;29869;6538;;2581;3922;;70;;;;;;;;;164;;;7736;;251;;;1398;;;;;;;;
13;Ludwigslust-Parchim II - Nordwestmecklenburg II - Landkreis Rostock I;13;208976;137171;2359;134812;56922;26641;3006;28803;5448;;2126;3465;;86;;;;;;;;;153;;;7138;;291;;;1106;;;;;;;;
14;Rostock - Landkreis Rostock II;13;223885;152820;2669;150151;57188;29010;2911;35792;9874;;3588;2484;;106;;;;;;;;;292;;;8196;;224;;;1109;;;;;;;;
15;Vorpommern-Rügen - Vorpommern-Greifswald I;13;244880;157402;2467;154935;69683;22630;4067;31930;7372;;3527;3525;;126;;;;;;;;;161;;;10159;;330;;;1466;;;;;;;;
16;Mecklenburgische Seenplatte I - Vorpommern-Greifswald II;13;234110;148874;2778;146096;65767;21603;2910;31658;4010;;2629;6755;;155;;;;;;;;;163;;;8850;;337;;;1523;;;;;;;;
17;Mecklenburgische Seenplatte II - Landkreis Rostock III;13;218688;136837;3195;133642;60407;22981;2771;28819;4474;;2112;3584;;120;;;;;;;;;233;;;6806;;260;;;1402;;;;;;;;
913;Mecklenburg-Vorpommern;99;1350705;881718;15974;865744;369048;154431;18968;186871;37716;;16563;23735;;663;;;;;;;;;1166;;;48885;;1693;;;8004;;;;;;;;
;;;;;;;;;;;;;;;;;;;;;;;;;;;;;;;;;;;;;;;;;
151;Nordsachsen;14;168695;112071;2610;109461;49473;16970;2912;22696;3144;;2141;4272;;;;;;;;;137;;104;;;6762;;394;;;1158;;;;;;;;
152;Leipzig I;14;210456;138427;2028;136399;50481;25286;4028;29122;9466;;4362;3246;;;;;;;;;408;;203;;;8394;;489;;;1309;;;;;;;;
153;Leipzig II;14;219865;153935;2075;151860;49553;28778;4583;34302;17075;;5897;2207;;;;;;;;;349;;221;;;7702;;383;;;1137;;;;;;;;
154;Leipzig-Land;14;220400;151537;2797;148740;68348;22681;4292;29716;4899;;2905;4513;;;;;;;;;172;;137;;;9562;;495;;;1485;;;;;;;;
155;Meißen;14;207261;145679;2706;142973;64622;18024;5253;26735;5721;;3252;5588;;;;;;;;;494;;136;;;10195;;1282;;;1887;;;;;;;;
156;Bautzen I;14;223726;155255;3252;152003;69335;18502;4723;30290;4249;;3109;6271;;;;;;;;;202;;146;;;10811;;905;;;3470;;;;;;;;
157;Görlitz;14;223614;152944;3261;149683;66106;18839;4185;29380;5044;;3259;6360;;;;;;;;;685;;172;;;12331;;1023;;;2577;;;;;;;;
158;Sächsische Schweiz - Osterzgebirge;14;207752;147427;2656;144771;66673;15865;4655;24848;5158;;2980;7370;;;;;;;;;522;;112;;;11417;;670;;;4705;;;;;;;;
159;Dresden I;14;233382;173167;2802;170365;68192;26440;5243;32505;13517;;6086;3888;;;;;;;;;457;;179;;;11814;;402;;;2413;;;;;;;;
160;Dresden II - Bautzen II;14;235691;173489;3091;170398;66092;23943;5405;31059;16304;;7508;4590;;;;;;;;;400;;273;;;11930;;439;;;3250;;;;;;;;
161;Mittelsachsen;14;210677;145578;2592;142986;64971;19070;4933;29525;4703;;3042;5305;;;;;;;;;207;;139;;;8997;;634;;;1848;;;;;;;;
162;Chemnitz;14;201249;135876;1701;134175;52380;23558;3865;31014;7168;;3298;3135;;;;;;;;;170;;184;;;8138;;537;;;1081;;;;;;;;
163;Chemnitzer Umland - Erzgebirgskreis II;14;191550;134560;3115;131445;59939;19178;3594;26434;4282;;2522;4307;;;;;;;;;158;;121;;;9636;;504;;;1760;;;;;;;;
164;Erzgebirgskreis I;14;232499;161718;3800;157918;73098;20114;5828;30741;3964;;3008;6398;;;;;;;;;183;;133;;;12119;;613;;;2551;;;;;;;;
165;Zwickau;14;217679;148305;2723;145582;64872;21686;3924;31061;4653;;2589;4664;;;;;;;;;384;;175;;;8878;;478;;;2690;;;;;;;;
166;Vogtlandkreis;14;201934;138790;2656;136134;60466;21885;3836;27617;4569;;2603;4322;;;;;;;;;148;;129;;;9095;;488;;;1537;;;;;;;;
914;Sachsen;99;3406430;2368758;43865;2324893;994601;340819;71259;467045;113916;;58561;76436;;;;;;;;;5076;;2564;;;157781;;9736;;;34858;;;;;;;;
;;;;;;;;;;;;;;;;;;;;;;;;;;;;;;;;;;;;;;;;;
66;Altmark;15;172378;107895;1857;106038;44655;20196;2278;26180;3542;;1997;2227;;;147;;;;;;;;141;;;3826;;306;;;722;;;;;;;;
67;Börde - Jerichower Land;15;228139;141814;2976;138838;60207;27279;3995;30235;4281;;2556;2903;;;232;;;;;;;;170;;;5380;;458;;;1630;;;;;;;;
68;Harz;15;224917;132539;2595;129944;56619;24407;2961;29875;4716;;2255;2651;;;293;;;;;;;;136;;;4924;;433;;;929;;;;;;;;
69;Magdeburg;15;244267;154404;2836;151568;56982;31763;3687;36473;8490;;3654;2272;;;348;;;;;;;;280;;;6355;;466;;;1256;;;;;;;;
70;Dessau - Wittenberg;15;185954;120805;1836;118969;50633;20354;2892;27136;4703;;2160;2799;;;145;;;;;;;;120;;;6050;;327;;;1728;;;;;;;;
71;Anhalt;15;236732;140667;2714;137953;57357;23224;3556;35425;3572;;2200;3516;;;164;;;;;;;;283;;;6635;;389;;;1848;;;;;;;;
72;Halle;15;219667;143332;2185;141147;53265;25259;4418;34449;10185;;3599;2134;;;297;;;;;;;;317;;;5879;;341;;;1147;;;;;;;;
73;Burgenland - Saalekreis;15;201043;123809;2170;121639;52194;19850;3374;28933;3732;;2097;3920;;;192;;;;;;;;151;;;5234;;475;;;1695;;;;;;;;
74;Mansfeld;15;217783;132983;2572;130411;53869;22399;3837;33613;3637;;2235;3478;;;160;;;;;;;;200;;;5378;;485;;;1403;;;;;;;;
915;Sachsen-Anhalt;99;1930880;1198248;21741;1176507;485781;214731;30998;282319;46858;;22753;25900;;;1978;;;;;;;;1798;;;49661;;3680;;;12358;;;;;;;;
;;;;;;;;;;;;;;;;;;;;;;;;;;;;;;;;;;;;;;;;;
189;Eichsfeld - Nordhausen - Unstrut-Hainich-Kreis I;16;196621;134013;2008;132005;59234;20182;3661;26322;5293;;2366;3767;;199;1646;;;;;;;;103;;;6995;;;;;2387;;;;;;;;
190;Eisenach - Wartburgkreis - Unstrut-Hainich-Kreis II;16;192663;129904;2312;127592;51442;21731;3123;28787;5121;;2682;5144;;254;616;;;;;;;;199;;;6307;;;;;2509;;;;;;;;
191;Kyffhäuserkreis - Sömmerda - Weimarer Land I;16;191261;127906;2487;125419;49099;19365;3672;30821;4734;;3071;4645;;302;655;;;;;;;;146;;;7199;;;;;1914;;;;;;;;
192;Gotha - Ilm-Kreis;16;205859;141461;2388;139073;53196;23815;3280;30758;6414;;3566;4416;;343;734;;;;;;;;182;;;10309;;;;;2079;;;;;;;;
193;Erfurt - Weimar - Weimarer Land II;16;224121;156367;2689;153678;53123;27159;4015;35421;13125;;4849;3554;;267;1005;;;;;;;;248;;;9328;;;;;2012;;;;;;;;
194;Gera - Jena - Saale-Holzland-Kreis;16;238320;168091;2570;165521;57690;26279;4653;42367;11435;;4669;4365;;300;1093;;;;;;;;241;;;10988;;;;;1499;;;;;;;;
195;Greiz - Altenburger Land;16;170746;115990;2289;113701;47580;16213;3032;26173;3842;;2462;3876;;282;591;;;;;;;;122;;;8523;;;;;1177;;;;;;;;
196;Sonneberg - Saalfeld-Rudolstadt - Saale-Orla-Kreis;16;218597;147040;3177;143863;54859;23002;3552;35819;5442;;3231;5292;;343;895;;;;;;;;349;;;9807;;;;;2065;;;;;;;;
197;Suhl - Schmalkalden-Meiningen - Hildburghausen;16;196071;130631;2099;128532;51060;20968;3113;32147;5105;;2603;4048;;303;665;;;;;;;;154;;;6557;;;;;1971;;;;;;;;
916;Thüringen;99;1834259;1251403;22019;1229384;477283;198714;32101;288615;60511;;29499;39107;;2593;7900;;;;;;;;1744;;;76013;;;;;17613;;;;;;;;
;;;;;;;;;;;;;;;;;;;;;;;;;;;;;;;;;;;;;;;;;
999;Bundesgebiet;;61946900;44309925;684883;43625042;14921877;11252215;2083533;3755699;3694057;3243569;959177;560828;140366;91193;127088;7449;8578;25134;57395;18542;12814;8211;24219;28654;4564;2056985;17743;73854;2245;12148;423977;11349;24719;78674;;;;;